{"cameraMode":{"drawMode":0,"name":"Shaded","section":"Shading Mode"},"sceneLighting":true,"audioPlay":false,"sceneViewState":{"showFog":false,"showMaterialUpdate":false,"showSkybox":false,"showFlares":false,"showImageEffects":false,"showParticleSystems":false},"in2DMode":false,"pivot":{"x":108.73442077636719,"y":-169.68992614746095,"z":120.48143768310547},"rotation":{"x":0.3343159258365631,"y":0.34181609749794009,"z":-0.1315956860780716,"w":0.8683760166168213},"size":316.1497497558594,"orthographic":false}