{"cameraMode":{"drawMode":0,"name":"Shaded","section":"Shading Mode"},"sceneLighting":true,"audioPlay":false,"sceneViewState":{"showFog":false,"showMaterialUpdate":false,"showSkybox":false,"showFlares":false,"showImageEffects":false,"showParticleSystems":false},"in2DMode":false,"pivot":{"x":12.813230514526368,"y":-1.937272071838379,"z":4.277500152587891},"rotation":{"x":-0.12453023344278336,"y":0.2949816584587097,"z":-0.03880780190229416,"w":-0.9465601444244385},"size":27.832006454467775,"orthographic":false}